timestamp_utc,timestamp_ist,location,current_speed,free_flow_speed,congestion_index,confidence
2026-03-02 17:59:32.190841+00:00,2026-03-02 23:29:32.190841+00:00,Central Junction,48,48,0.0,1.0
2026-03-02 17:59:33.221673+00:00,2026-03-02 23:29:33.221673+00:00,MC Road Segment,48,48,0.0,1.0
2026-03-02 17:59:33.527955+00:00,2026-03-02 23:29:33.527955+00:00,Market Area,47,47,0.0,1.0
2026-03-02 18:14:33.776202+00:00,2026-03-02 23:44:33.776202+00:00,Central Junction,48,48,0.0,1.0
2026-03-02 18:14:34.423858+00:00,2026-03-02 23:44:34.423858+00:00,MC Road Segment,48,48,0.0,1.0
2026-03-02 18:14:34.711460+00:00,2026-03-02 23:44:34.711460+00:00,Market Area,47,47,0.0,1.0
2026-03-03 01:35:28.963604+00:00,2026-03-03 07:05:28.963604+00:00,Central Junction,48,48,0.0,1.0
2026-03-03 01:35:29.899487+00:00,2026-03-03 07:05:29.899487+00:00,MC Road Segment,48,48,0.0,1.0
2026-03-03 01:35:30.213689+00:00,2026-03-03 07:05:30.213689+00:00,Market Area,47,47,0.0,1.0
2026-03-03 01:35:32.315085+00:00,2026-03-03 07:05:32.315085+00:00,Central Junction,0,0,0.0,0.0
2026-03-03 01:35:33.149616+00:00,2026-03-03 07:05:33.149616+00:00,MC Road Segment,0,0,0.0,0.0
2026-03-03 01:35:33.398089+00:00,2026-03-03 07:05:33.398089+00:00,Market Area,0,0,0.0,0.0
2026-03-03 01:35:42.123305+00:00,2026-03-03 07:05:42.123305+00:00,Central Junction,48,48,0.0,1.0
2026-03-03 01:35:42.966143+00:00,2026-03-03 07:05:42.966143+00:00,MC Road Segment,48,48,0.0,1.0
2026-03-03 01:35:43.207364+00:00,2026-03-03 07:05:43.207364+00:00,Market Area,47,47,0.0,1.0
2026-03-03 01:35:49.164622+00:00,2026-03-03 07:05:49.164622+00:00,Central Junction,0,0,0.0,0.0
2026-03-03 01:35:49.989425+00:00,2026-03-03 07:05:49.989425+00:00,MC Road Segment,0,0,0.0,0.0
2026-03-03 01:35:50.190272+00:00,2026-03-03 07:05:50.190272+00:00,Market Area,0,0,0.0,0.0
2026-03-03 01:36:04.019732+00:00,2026-03-03 07:06:04.019732+00:00,Central Junction,48,48,0.0,1.0
2026-03-03 01:36:04.756171+00:00,2026-03-03 07:06:04.756171+00:00,MC Road Segment,48,48,0.0,1.0
2026-03-03 01:36:05.074746+00:00,2026-03-03 07:06:05.074746+00:00,Market Area,47,47,0.0,1.0
2026-03-03 01:36:32.555957+00:00,2026-03-03 07:06:32.555957+00:00,Central Junction,48,48,0.0,1.0
2026-03-03 01:36:33.580867+00:00,2026-03-03 07:06:33.580867+00:00,MC Road Segment,48,48,0.0,1.0
2026-03-03 01:36:33.923754+00:00,2026-03-03 07:06:33.923754+00:00,Market Area,47,47,0.0,1.0
2026-03-03 01:37:59.218484+00:00,2026-03-03 07:07:59.218484+00:00,Central Junction,48,48,0.0,1.0
2026-03-03 01:38:00.057691+00:00,2026-03-03 07:08:00.057691+00:00,MC Road Segment,48,48,0.0,1.0
2026-03-03 01:38:00.302287+00:00,2026-03-03 07:08:00.302287+00:00,Market Area,47,47,0.0,1.0
2026-03-03 01:38:13.593597+00:00,2026-03-03 07:08:13.593597+00:00,Central Junction,48,48,0.0,1.0
2026-03-03 01:38:14.330012+00:00,2026-03-03 07:08:14.330012+00:00,MC Road Segment,48,48,0.0,1.0
2026-03-03 01:38:14.573947+00:00,2026-03-03 07:08:14.573947+00:00,Market Area,47,47,0.0,1.0
2026-03-03 01:38:20.055368+00:00,2026-03-03 07:08:20.055368+00:00,Central Junction,0,0,0.0,0.0
2026-03-03 01:38:20.972047+00:00,2026-03-03 07:08:20.972047+00:00,MC Road Segment,0,0,0.0,0.0
2026-03-03 01:38:21.168222+00:00,2026-03-03 07:08:21.168222+00:00,Market Area,0,0,0.0,0.0
2026-03-03 01:38:33.516816+00:00,2026-03-03 07:08:33.516816+00:00,Central Junction,0,0,0.0,0.0
2026-03-03 01:38:34.366049+00:00,2026-03-03 07:08:34.366049+00:00,MC Road Segment,0,0,0.0,0.0
2026-03-03 01:38:34.649082+00:00,2026-03-03 07:08:34.649082+00:00,Market Area,0,0,0.0,0.0
2026-03-03 01:44:45.712331+00:00,2026-03-03 07:14:45.712331+00:00,Central Junction,48,48,0.0,1.0
2026-03-03 01:44:46.168129+00:00,2026-03-03 07:14:46.168129+00:00,MC Road Segment,48,48,0.0,1.0
2026-03-03 01:44:46.359860+00:00,2026-03-03 07:14:46.359860+00:00,Market Area,47,47,0.0,1.0
2026-03-03 01:51:34.280099+00:00,2026-03-03 07:21:34.280099+00:00,Central Junction,48,48,0.0,1.0
2026-03-03 01:51:34.895411+00:00,2026-03-03 07:21:34.895411+00:00,MC Road Segment,48,48,0.0,1.0
2026-03-03 01:51:35.185995+00:00,2026-03-03 07:21:35.185995+00:00,Market Area,47,47,0.0,1.0
2026-03-03 02:06:35.428629+00:00,2026-03-03 07:36:35.428629+00:00,Central Junction,48,48,0.0,1.0
2026-03-03 02:06:35.999200+00:00,2026-03-03 07:36:35.999200+00:00,MC Road Segment,48,48,0.0,1.0
2026-03-03 02:06:36.217044+00:00,2026-03-03 07:36:36.217044+00:00,Market Area,47,47,0.0,1.0
2026-03-03 03:59:53.448964+00:00,2026-03-03 09:29:53.448964+00:00,Central Junction,48,48,0.0,1.0
2026-03-03 03:59:54.007918+00:00,2026-03-03 09:29:54.007918+00:00,MC Road Segment,48,48,0.0,1.0
2026-03-03 03:59:54.245937+00:00,2026-03-03 09:29:54.245937+00:00,Market Area,47,47,0.0,1.0
2026-03-03 05:14:37.849228+00:00,2026-03-03 10:44:37.849228+00:00,Central Junction,48,48,0.0,1.0
2026-03-03 05:14:38.226050+00:00,2026-03-03 10:44:38.226050+00:00,MC Road Segment,48,48,0.0,1.0
2026-03-03 05:14:38.342214+00:00,2026-03-03 10:44:38.342214+00:00,Market Area,47,47,0.0,1.0
2026-03-03 06:04:16.035536+00:00,2026-03-03 11:34:16.035536+00:00,Central Junction,48,48,0.0,1.0
2026-03-03 06:04:16.496194+00:00,2026-03-03 11:34:16.496194+00:00,MC Road Segment,48,48,0.0,1.0
2026-03-03 06:04:16.639830+00:00,2026-03-03 11:34:16.639830+00:00,Market Area,47,47,0.0,1.0
2026-03-03 07:08:40.142526+00:00,2026-03-03 12:38:40.142526+00:00,Central Junction,48,48,0.0,1.0
2026-03-03 07:08:40.699594+00:00,2026-03-03 12:38:40.699594+00:00,MC Road Segment,48,48,0.0,1.0
2026-03-03 07:08:40.943518+00:00,2026-03-03 12:38:40.943518+00:00,Market Area,47,47,0.0,1.0
2026-03-03 07:52:35.861441+00:00,2026-03-03 13:22:35.861441+00:00,Central Junction,48,48,0.0,1.0
2026-03-03 07:52:36.406087+00:00,2026-03-03 13:22:36.406087+00:00,MC Road Segment,48,48,0.0,1.0
2026-03-03 07:52:36.589240+00:00,2026-03-03 13:22:36.589240+00:00,Market Area,47,47,0.0,1.0
2026-03-03 08:27:41.683370+00:00,2026-03-03 13:57:41.683370+00:00,Central Junction,48,48,0.0,1.0
2026-03-03 08:27:42.149421+00:00,2026-03-03 13:57:42.149421+00:00,MC Road Segment,48,48,0.0,1.0
2026-03-03 08:27:42.273041+00:00,2026-03-03 13:57:42.273041+00:00,Market Area,47,47,0.0,1.0
2026-03-03 09:06:07.745015+00:00,2026-03-03 14:36:07.745015+00:00,Central Junction,48,48,0.0,1.0
2026-03-03 09:06:08.336263+00:00,2026-03-03 14:36:08.336263+00:00,MC Road Segment,48,48,0.0,1.0
2026-03-03 09:06:08.621718+00:00,2026-03-03 14:36:08.621718+00:00,Market Area,47,47,0.0,1.0
2026-03-03 09:59:11.309494+00:00,2026-03-03 15:29:11.309494+00:00,Central Junction,48,48,0.0,1.0
2026-03-03 09:59:11.726130+00:00,2026-03-03 15:29:11.726130+00:00,MC Road Segment,48,48,0.0,1.0
2026-03-03 09:59:11.892943+00:00,2026-03-03 15:29:11.892943+00:00,Market Area,47,47,0.0,1.0
2026-03-03 10:38:11.361932+00:00,2026-03-03 16:08:11.361932+00:00,Central Junction,42,48,0.125,0.957893
2026-03-03 10:38:11.752758+00:00,2026-03-03 16:08:11.752758+00:00,MC Road Segment,42,48,0.125,0.957893
2026-03-03 10:38:11.886265+00:00,2026-03-03 16:08:11.886265+00:00,Market Area,47,47,0.0,1.0
2026-03-03 11:18:02.001102+00:00,2026-03-03 16:48:02.001102+00:00,Central Junction,48,48,0.0,1.0
2026-03-03 11:18:02.398288+00:00,2026-03-03 16:48:02.398288+00:00,MC Road Segment,48,48,0.0,1.0
2026-03-03 11:18:02.547777+00:00,2026-03-03 16:48:02.547777+00:00,Market Area,47,47,0.0,1.0
2026-03-03 11:51:09.209731+00:00,2026-03-03 17:21:09.209731+00:00,Central Junction,48,48,0.0,1.0
2026-03-03 11:51:09.779017+00:00,2026-03-03 17:21:09.779017+00:00,MC Road Segment,48,48,0.0,1.0
2026-03-03 11:51:09.985893+00:00,2026-03-03 17:21:09.985893+00:00,Market Area,47,47,0.0,1.0
2026-03-03 12:30:36.314146+00:00,2026-03-03 18:00:36.314146+00:00,Central Junction,34,48,0.2916666666666667,0.955417
2026-03-03 12:30:36.934096+00:00,2026-03-03 18:00:36.934096+00:00,MC Road Segment,34,48,0.2916666666666667,0.955417
2026-03-03 12:30:37.240365+00:00,2026-03-03 18:00:37.240365+00:00,Market Area,47,47,0.0,1.0
2026-03-03 13:44:01.871987+00:00,2026-03-03 19:14:01.871987+00:00,Central Junction,40,49,0.1836734693877551,0.942592
2026-03-03 13:44:02.268231+00:00,2026-03-03 19:14:02.268231+00:00,MC Road Segment,40,49,0.1836734693877551,0.942592
2026-03-03 13:44:02.407148+00:00,2026-03-03 19:14:02.407148+00:00,Market Area,47,47,0.0,1.0
2026-03-03 14:28:43.549146+00:00,2026-03-03 19:58:43.549146+00:00,Central Junction,48,48,0.0,1.0
2026-03-03 14:28:44.152179+00:00,2026-03-03 19:58:44.152179+00:00,MC Road Segment,48,48,0.0,1.0
2026-03-03 14:28:44.384768+00:00,2026-03-03 19:58:44.384768+00:00,Market Area,47,47,0.0,1.0
2026-03-03 15:11:49.126057+00:00,2026-03-03 20:41:49.126057+00:00,Central Junction,33,47,0.2978723404255319,0.926345
2026-03-03 15:11:49.667880+00:00,2026-03-03 20:41:49.667880+00:00,MC Road Segment,33,47,0.2978723404255319,0.926345
2026-03-03 15:11:49.854976+00:00,2026-03-03 20:41:49.854976+00:00,Market Area,47,47,0.0,1.0
2026-03-03 15:59:18.732039+00:00,2026-03-03 21:29:18.732039+00:00,Central Junction,41,48,0.14583333333333334,0.956054
2026-03-03 15:59:19.270914+00:00,2026-03-03 21:29:19.270914+00:00,MC Road Segment,41,48,0.14583333333333334,0.956054
2026-03-03 15:59:19.529601+00:00,2026-03-03 21:29:19.529601+00:00,Market Area,47,47,0.0,1.0
2026-03-03 16:48:25.133330+00:00,2026-03-03 22:18:25.133330+00:00,Central Junction,48,48,0.0,1.0
2026-03-03 16:48:25.525853+00:00,2026-03-03 22:18:25.525853+00:00,MC Road Segment,48,48,0.0,1.0
2026-03-03 16:48:25.645978+00:00,2026-03-03 22:18:25.645978+00:00,Market Area,47,47,0.0,1.0
2026-03-03 17:34:13.873126+00:00,2026-03-03 23:04:13.873126+00:00,Central Junction,48,48,0.0,1.0
2026-03-03 17:34:14.391676+00:00,2026-03-03 23:04:14.391676+00:00,MC Road Segment,48,48,0.0,1.0
2026-03-03 17:34:14.577385+00:00,2026-03-03 23:04:14.577385+00:00,Market Area,47,47,0.0,1.0
2026-03-03 18:26:36.793850+00:00,2026-03-03 23:56:36.793850+00:00,Central Junction,48,48,0.0,1.0
2026-03-03 18:26:37.161518+00:00,2026-03-03 23:56:37.161518+00:00,MC Road Segment,48,48,0.0,1.0
2026-03-03 18:26:37.306273+00:00,2026-03-03 23:56:37.306273+00:00,Market Area,47,47,0.0,1.0
2026-03-03 19:13:25.508258+00:00,2026-03-04 00:43:25.508258+00:00,Central Junction,48,48,0.0,1.0
2026-03-03 19:13:25.969634+00:00,2026-03-04 00:43:25.969634+00:00,MC Road Segment,48,48,0.0,1.0
2026-03-03 19:13:26.163018+00:00,2026-03-04 00:43:26.163018+00:00,Market Area,47,47,0.0,1.0
2026-03-03 19:50:28.576004+00:00,2026-03-04 01:20:28.576004+00:00,Central Junction,48,48,0.0,1.0
2026-03-03 19:50:29.128805+00:00,2026-03-04 01:20:29.128805+00:00,MC Road Segment,48,48,0.0,1.0
2026-03-03 19:50:29.292425+00:00,2026-03-04 01:20:29.292425+00:00,Market Area,47,47,0.0,1.0
2026-03-03 20:21:12.577558+00:00,2026-03-04 01:51:12.577558+00:00,Central Junction,48,48,0.0,1.0
2026-03-03 20:21:13.148804+00:00,2026-03-04 01:51:13.148804+00:00,MC Road Segment,48,48,0.0,1.0
2026-03-03 20:21:13.354509+00:00,2026-03-04 01:51:13.354509+00:00,Market Area,41,47,0.1276595744680851,0.829694
2026-03-03 20:53:29.962833+00:00,2026-03-04 02:23:29.962833+00:00,Central Junction,48,48,0.0,1.0
2026-03-03 20:53:30.430429+00:00,2026-03-04 02:23:30.430429+00:00,MC Road Segment,48,48,0.0,1.0
2026-03-03 20:53:30.652624+00:00,2026-03-04 02:23:30.652624+00:00,Market Area,47,47,0.0,1.0
2026-03-03 21:22:57.081960+00:00,2026-03-04 02:52:57.081960+00:00,Central Junction,48,48,0.0,1.0
2026-03-03 21:22:57.721699+00:00,2026-03-04 02:52:57.721699+00:00,MC Road Segment,48,48,0.0,1.0
2026-03-03 21:22:58.003848+00:00,2026-03-04 02:52:58.003848+00:00,Market Area,47,47,0.0,1.0
2026-03-03 21:52:42.323813+00:00,2026-03-04 03:22:42.323813+00:00,Central Junction,48,48,0.0,1.0
2026-03-03 21:52:42.912464+00:00,2026-03-04 03:22:42.912464+00:00,MC Road Segment,48,48,0.0,1.0
2026-03-03 21:52:43.191964+00:00,2026-03-04 03:22:43.191964+00:00,Market Area,47,47,0.0,1.0
2026-03-03 22:17:10.847625+00:00,2026-03-04 03:47:10.847625+00:00,Central Junction,48,48,0.0,1.0
2026-03-03 22:17:11.475827+00:00,2026-03-04 03:47:11.475827+00:00,MC Road Segment,48,48,0.0,1.0
2026-03-03 22:17:11.760379+00:00,2026-03-04 03:47:11.760379+00:00,Market Area,47,47,0.0,1.0
2026-03-03 22:50:49.439337+00:00,2026-03-04 04:20:49.439337+00:00,Central Junction,48,48,0.0,1.0
2026-03-03 22:50:49.839960+00:00,2026-03-04 04:20:49.839960+00:00,MC Road Segment,48,48,0.0,1.0
2026-03-03 22:50:49.975765+00:00,2026-03-04 04:20:49.975765+00:00,Market Area,47,47,0.0,1.0
2026-03-03 23:15:10.101741+00:00,2026-03-04 04:45:10.101741+00:00,Central Junction,48,48,0.0,1.0
2026-03-03 23:15:10.673080+00:00,2026-03-04 04:45:10.673080+00:00,MC Road Segment,48,48,0.0,1.0
2026-03-03 23:15:10.992204+00:00,2026-03-04 04:45:10.992204+00:00,Market Area,47,47,0.0,1.0
2026-03-03 23:42:22.805091+00:00,2026-03-04 05:12:22.805091+00:00,Central Junction,48,48,0.0,1.0
2026-03-03 23:42:23.348969+00:00,2026-03-04 05:12:23.348969+00:00,MC Road Segment,48,48,0.0,1.0
2026-03-03 23:42:23.583624+00:00,2026-03-04 05:12:23.583624+00:00,Market Area,47,47,0.0,1.0
2026-03-03 23:58:12.577314+00:00,2026-03-04 05:28:12.577314+00:00,Central Junction,48,48,0.0,1.0
2026-03-03 23:58:13.729616+00:00,2026-03-04 05:28:13.729616+00:00,MC Road Segment,48,48,0.0,1.0
2026-03-03 23:58:13.969288+00:00,2026-03-04 05:28:13.969288+00:00,Market Area,47,47,0.0,1.0
2026-03-04 01:48:10.253469+00:00,2026-03-04 07:18:10.253469+00:00,Central Junction,48,48,0.0,1.0
2026-03-04 01:48:10.695407+00:00,2026-03-04 07:18:10.695407+00:00,MC Road Segment,48,48,0.0,1.0
2026-03-04 01:48:10.858173+00:00,2026-03-04 07:18:10.858173+00:00,Market Area,47,47,0.0,1.0
2026-03-04 03:57:51.895932+00:00,2026-03-04 09:27:51.895932+00:00,Central Junction,48,48,0.0,1.0
2026-03-04 03:57:52.281828+00:00,2026-03-04 09:27:52.281828+00:00,MC Road Segment,48,48,0.0,1.0
2026-03-04 03:57:52.474049+00:00,2026-03-04 09:27:52.474049+00:00,Market Area,47,47,0.0,1.0
2026-03-04 05:06:17.899393+00:00,2026-03-04 10:36:17.899393+00:00,Central Junction,48,48,0.0,1.0
2026-03-04 05:06:18.465909+00:00,2026-03-04 10:36:18.465909+00:00,MC Road Segment,48,48,0.0,1.0
2026-03-04 05:06:18.704907+00:00,2026-03-04 10:36:18.704907+00:00,Market Area,47,47,0.0,1.0
2026-03-04 05:57:44.941434+00:00,2026-03-04 11:27:44.941434+00:00,Central Junction,48,48,0.0,1.0
2026-03-04 05:57:45.368829+00:00,2026-03-04 11:27:45.368829+00:00,MC Road Segment,48,48,0.0,1.0
2026-03-04 05:57:45.530322+00:00,2026-03-04 11:27:45.530322+00:00,Market Area,47,47,0.0,1.0
2026-03-04 06:41:01.161821+00:00,2026-03-04 12:11:01.161821+00:00,Central Junction,48,48,0.0,1.0
2026-03-04 06:41:01.601069+00:00,2026-03-04 12:11:01.601069+00:00,MC Road Segment,48,48,0.0,1.0
2026-03-04 06:41:01.745945+00:00,2026-03-04 12:11:01.745945+00:00,Market Area,47,47,0.0,1.0
2026-03-04 07:25:53.255309+00:00,2026-03-04 12:55:53.255309+00:00,Central Junction,48,48,0.0,1.0
2026-03-04 07:25:53.674839+00:00,2026-03-04 12:55:53.674839+00:00,MC Road Segment,48,48,0.0,1.0
2026-03-04 07:25:53.836453+00:00,2026-03-04 12:55:53.836453+00:00,Market Area,47,47,0.0,1.0
2026-03-04 07:55:17.837953+00:00,2026-03-04 13:25:17.837953+00:00,Central Junction,48,48,0.0,1.0
2026-03-04 07:55:18.281762+00:00,2026-03-04 13:25:18.281762+00:00,MC Road Segment,48,48,0.0,1.0
2026-03-04 07:55:18.435628+00:00,2026-03-04 13:25:18.435628+00:00,Market Area,47,47,0.0,1.0
2026-03-04 08:25:31.268014+00:00,2026-03-04 13:55:31.268014+00:00,Central Junction,48,48,0.0,1.0
2026-03-04 08:25:31.699607+00:00,2026-03-04 13:55:31.699607+00:00,MC Road Segment,48,48,0.0,1.0
2026-03-04 08:25:31.900891+00:00,2026-03-04 13:55:31.900891+00:00,Market Area,47,47,0.0,1.0
2026-03-04 09:01:14.835853+00:00,2026-03-04 14:31:14.835853+00:00,Central Junction,48,48,0.0,1.0
2026-03-04 09:01:15.248961+00:00,2026-03-04 14:31:15.248961+00:00,MC Road Segment,48,48,0.0,1.0
2026-03-04 09:01:15.381197+00:00,2026-03-04 14:31:15.381197+00:00,Market Area,47,47,0.0,1.0
2026-03-04 09:56:26.740391+00:00,2026-03-04 15:26:26.740391+00:00,Central Junction,48,48,0.0,1.0
2026-03-04 09:56:27.271004+00:00,2026-03-04 15:26:27.271004+00:00,MC Road Segment,48,48,0.0,1.0
2026-03-04 09:56:27.420432+00:00,2026-03-04 15:26:27.420432+00:00,Market Area,47,47,0.0,1.0
2026-03-04 10:27:58.868451+00:00,2026-03-04 15:57:58.868451+00:00,Central Junction,48,48,0.0,1.0
2026-03-04 10:27:59.422444+00:00,2026-03-04 15:57:59.422444+00:00,MC Road Segment,48,48,0.0,1.0
2026-03-04 10:27:59.635219+00:00,2026-03-04 15:57:59.635219+00:00,Market Area,47,47,0.0,1.0
2026-03-04 11:02:38.080584+00:00,2026-03-04 16:32:38.080584+00:00,Central Junction,48,48,0.0,1.0
2026-03-04 11:02:38.463176+00:00,2026-03-04 16:32:38.463176+00:00,MC Road Segment,48,48,0.0,1.0
2026-03-04 11:02:38.654126+00:00,2026-03-04 16:32:38.654126+00:00,Market Area,47,47,0.0,1.0
2026-03-04 11:43:35.193628+00:00,2026-03-04 17:13:35.193628+00:00,Central Junction,48,48,0.0,1.0
2026-03-04 11:43:35.701432+00:00,2026-03-04 17:13:35.701432+00:00,MC Road Segment,48,48,0.0,1.0
2026-03-04 11:43:35.897448+00:00,2026-03-04 17:13:35.897448+00:00,Market Area,47,47,0.0,1.0
2026-03-04 11:58:31.043675+00:00,2026-03-04 17:28:31.043675+00:00,Central Junction,48,48,0.0,1.0
2026-03-04 11:58:31.705118+00:00,2026-03-04 17:28:31.705118+00:00,MC Road Segment,48,48,0.0,1.0
2026-03-04 11:58:31.920085+00:00,2026-03-04 17:28:31.920085+00:00,Market Area,47,47,0.0,1.0
2026-03-04 12:51:55.130143+00:00,2026-03-04 18:21:55.130143+00:00,Central Junction,48,48,0.0,1.0
2026-03-04 12:51:55.571490+00:00,2026-03-04 18:21:55.571490+00:00,MC Road Segment,48,48,0.0,1.0
2026-03-04 12:51:55.759948+00:00,2026-03-04 18:21:55.759948+00:00,Market Area,47,47,0.0,1.0
2026-03-04 13:47:56.321925+00:00,2026-03-04 19:17:56.321925+00:00,Central Junction,48,48,0.0,1.0
2026-03-04 13:47:56.898821+00:00,2026-03-04 19:17:56.898821+00:00,MC Road Segment,48,48,0.0,1.0
2026-03-04 13:47:57.114722+00:00,2026-03-04 19:17:57.114722+00:00,Market Area,47,47,0.0,1.0
2026-03-04 14:30:41.765717+00:00,2026-03-04 20:00:41.765717+00:00,Central Junction,39,48,0.1875,0.911524
2026-03-04 14:30:42.206201+00:00,2026-03-04 20:00:42.206201+00:00,MC Road Segment,39,48,0.1875,0.911524
2026-03-04 14:30:42.374123+00:00,2026-03-04 20:00:42.374123+00:00,Market Area,47,47,0.0,1.0
2026-03-04 15:22:02.962332+00:00,2026-03-04 20:52:02.962332+00:00,Central Junction,48,48,0.0,1.0
2026-03-04 15:22:03.325841+00:00,2026-03-04 20:52:03.325841+00:00,MC Road Segment,48,48,0.0,1.0
2026-03-04 15:22:03.463253+00:00,2026-03-04 20:52:03.463253+00:00,Market Area,47,47,0.0,1.0
2026-03-04 16:00:53.362719+00:00,2026-03-04 21:30:53.362719+00:00,Central Junction,48,48,0.0,1.0
2026-03-04 16:00:53.732929+00:00,2026-03-04 21:30:53.732929+00:00,MC Road Segment,48,48,0.0,1.0
2026-03-04 16:00:53.876828+00:00,2026-03-04 21:30:53.876828+00:00,Market Area,47,47,0.0,1.0
2026-03-04 17:01:15.649589+00:00,2026-03-04 22:31:15.649589+00:00,Central Junction,48,48,0.0,1.0
2026-03-04 17:01:16.071093+00:00,2026-03-04 22:31:16.071093+00:00,MC Road Segment,48,48,0.0,1.0
2026-03-04 17:01:16.185991+00:00,2026-03-04 22:31:16.185991+00:00,Market Area,47,47,0.0,1.0
2026-03-04 17:55:44.074954+00:00,2026-03-04 23:25:44.074954+00:00,Central Junction,48,48,0.0,1.0
2026-03-04 17:55:44.612541+00:00,2026-03-04 23:25:44.612541+00:00,MC Road Segment,48,48,0.0,1.0
2026-03-04 17:55:44.854495+00:00,2026-03-04 23:25:44.854495+00:00,Market Area,47,47,0.0,1.0
2026-03-04 18:34:00.383913+00:00,2026-03-05 00:04:00.383913+00:00,Central Junction,48,48,0.0,1.0
2026-03-04 18:34:00.848016+00:00,2026-03-05 00:04:00.848016+00:00,MC Road Segment,48,48,0.0,1.0
2026-03-04 18:34:01.043071+00:00,2026-03-05 00:04:01.043071+00:00,Market Area,47,47,0.0,1.0
2026-03-04 19:25:15.033461+00:00,2026-03-05 00:55:15.033461+00:00,Central Junction,48,48,0.0,1.0
2026-03-04 19:25:15.560450+00:00,2026-03-05 00:55:15.560450+00:00,MC Road Segment,48,48,0.0,1.0
2026-03-04 19:25:15.717155+00:00,2026-03-05 00:55:15.717155+00:00,Market Area,47,47,0.0,1.0
2026-03-04 19:54:26.714575+00:00,2026-03-05 01:24:26.714575+00:00,Central Junction,48,48,0.0,1.0
2026-03-04 19:54:27.154478+00:00,2026-03-05 01:24:27.154478+00:00,MC Road Segment,48,48,0.0,1.0
2026-03-04 19:54:27.329001+00:00,2026-03-05 01:24:27.329001+00:00,Market Area,47,47,0.0,1.0
2026-03-04 20:21:24.062425+00:00,2026-03-05 01:51:24.062425+00:00,Central Junction,48,48,0.0,1.0
2026-03-04 20:21:24.626513+00:00,2026-03-05 01:51:24.626513+00:00,MC Road Segment,48,48,0.0,1.0
2026-03-04 20:21:24.864934+00:00,2026-03-05 01:51:24.864934+00:00,Market Area,47,47,0.0,1.0
2026-03-04 20:53:29.819946+00:00,2026-03-05 02:23:29.819946+00:00,Central Junction,48,48,0.0,1.0
2026-03-04 20:53:30.497990+00:00,2026-03-05 02:23:30.497990+00:00,MC Road Segment,48,48,0.0,1.0
2026-03-04 20:53:30.780392+00:00,2026-03-05 02:23:30.780392+00:00,Market Area,47,47,0.0,1.0
2026-03-04 21:22:43.004342+00:00,2026-03-05 02:52:43.004342+00:00,Central Junction,48,48,0.0,1.0
2026-03-04 21:22:43.557573+00:00,2026-03-05 02:52:43.557573+00:00,MC Road Segment,48,48,0.0,1.0
2026-03-04 21:22:43.793554+00:00,2026-03-05 02:52:43.793554+00:00,Market Area,47,47,0.0,1.0
2026-03-04 21:54:05.813124+00:00,2026-03-05 03:24:05.813124+00:00,Central Junction,48,48,0.0,1.0
2026-03-04 21:54:06.363108+00:00,2026-03-05 03:24:06.363108+00:00,MC Road Segment,48,48,0.0,1.0
2026-03-04 21:54:06.596557+00:00,2026-03-05 03:24:06.596557+00:00,Market Area,47,47,0.0,1.0
2026-03-04 22:19:52.073856+00:00,2026-03-05 03:49:52.073856+00:00,Central Junction,48,48,0.0,1.0
2026-03-04 22:19:52.771785+00:00,2026-03-05 03:49:52.771785+00:00,MC Road Segment,48,48,0.0,1.0
2026-03-04 22:19:53.032904+00:00,2026-03-05 03:49:53.032904+00:00,Market Area,47,47,0.0,1.0
2026-03-04 22:54:32.207182+00:00,2026-03-05 04:24:32.207182+00:00,Central Junction,48,48,0.0,1.0
2026-03-04 22:54:32.797524+00:00,2026-03-05 04:24:32.797524+00:00,MC Road Segment,48,48,0.0,1.0
2026-03-04 22:54:33.104360+00:00,2026-03-05 04:24:33.104360+00:00,Market Area,47,47,0.0,1.0
2026-03-04 23:19:44.808177+00:00,2026-03-05 04:49:44.808177+00:00,Central Junction,48,48,0.0,1.0
2026-03-04 23:19:45.326463+00:00,2026-03-05 04:49:45.326463+00:00,MC Road Segment,48,48,0.0,1.0
2026-03-04 23:19:45.568403+00:00,2026-03-05 04:49:45.568403+00:00,Market Area,47,47,0.0,1.0
2026-03-04 23:49:10.469867+00:00,2026-03-05 05:19:10.469867+00:00,Central Junction,48,48,0.0,1.0
2026-03-04 23:49:10.888587+00:00,2026-03-05 05:19:10.888587+00:00,MC Road Segment,48,48,0.0,1.0
2026-03-04 23:49:11.036667+00:00,2026-03-05 05:19:11.036667+00:00,Market Area,47,47,0.0,1.0
2026-03-05 01:04:22.497118+00:00,2026-03-05 06:34:22.497118+00:00,Central Junction,48,48,0.0,1.0
2026-03-05 01:04:23.126023+00:00,2026-03-05 06:34:23.126023+00:00,MC Road Segment,48,48,0.0,1.0
2026-03-05 01:04:23.365132+00:00,2026-03-05 06:34:23.365132+00:00,Market Area,47,47,0.0,1.0
2026-03-05 03:36:31.058726+00:00,2026-03-05 09:06:31.058726+00:00,Central Junction,48,48,0.0,1.0
2026-03-05 03:36:31.605298+00:00,2026-03-05 09:06:31.605298+00:00,MC Road Segment,48,48,0.0,1.0
2026-03-05 03:36:31.745578+00:00,2026-03-05 09:06:31.745578+00:00,Market Area,47,47,0.0,1.0
2026-03-05 05:03:25.020252+00:00,2026-03-05 10:33:25.020252+00:00,Central Junction,48,48,0.0,1.0
2026-03-05 05:03:25.578249+00:00,2026-03-05 10:33:25.578249+00:00,MC Road Segment,48,48,0.0,1.0
2026-03-05 05:03:25.752123+00:00,2026-03-05 10:33:25.752123+00:00,Market Area,47,47,0.0,1.0
2026-03-05 06:01:03.997423+00:00,2026-03-05 11:31:03.997423+00:00,Central Junction,48,48,0.0,1.0
2026-03-05 06:01:04.545190+00:00,2026-03-05 11:31:04.545190+00:00,MC Road Segment,48,48,0.0,1.0
2026-03-05 06:01:04.739580+00:00,2026-03-05 11:31:04.739580+00:00,Market Area,47,47,0.0,1.0
2026-03-05 07:08:25.945991+00:00,2026-03-05 12:38:25.945991+00:00,Central Junction,48,48,0.0,1.0
2026-03-05 07:08:26.482848+00:00,2026-03-05 12:38:26.482848+00:00,MC Road Segment,48,48,0.0,1.0
2026-03-05 07:08:26.731910+00:00,2026-03-05 12:38:26.731910+00:00,Market Area,47,47,0.0,1.0
2026-03-05 07:52:33.235105+00:00,2026-03-05 13:22:33.235105+00:00,Central Junction,38,48,0.20833333333333334,0.977082
2026-03-05 07:52:33.798269+00:00,2026-03-05 13:22:33.798269+00:00,MC Road Segment,38,48,0.20833333333333334,0.977082
2026-03-05 07:52:34.000660+00:00,2026-03-05 13:22:34.000660+00:00,Market Area,47,47,0.0,1.0
2026-03-05 08:27:15.328779+00:00,2026-03-05 13:57:15.328779+00:00,Central Junction,48,48,0.0,1.0
2026-03-05 08:27:15.834151+00:00,2026-03-05 13:57:15.834151+00:00,MC Road Segment,48,48,0.0,1.0
2026-03-05 08:27:16.007575+00:00,2026-03-05 13:57:16.007575+00:00,Market Area,47,47,0.0,1.0
2026-03-05 09:05:21.895946+00:00,2026-03-05 14:35:21.895946+00:00,Central Junction,48,48,0.0,1.0
2026-03-05 09:05:22.414751+00:00,2026-03-05 14:35:22.414751+00:00,MC Road Segment,48,48,0.0,1.0
2026-03-05 09:05:22.646688+00:00,2026-03-05 14:35:22.646688+00:00,Market Area,47,47,0.0,1.0
2026-03-05 10:00:09.198457+00:00,2026-03-05 15:30:09.198457+00:00,Central Junction,48,48,0.0,1.0
2026-03-05 10:00:09.764334+00:00,2026-03-05 15:30:09.764334+00:00,MC Road Segment,48,48,0.0,1.0
2026-03-05 10:00:09.994618+00:00,2026-03-05 15:30:09.994618+00:00,Market Area,47,47,0.0,1.0
2026-03-05 10:41:31.699478+00:00,2026-03-05 16:11:31.699478+00:00,Central Junction,48,48,0.0,1.0
2026-03-05 10:41:32.161250+00:00,2026-03-05 16:11:32.161250+00:00,MC Road Segment,48,48,0.0,1.0
2026-03-05 10:41:32.365997+00:00,2026-03-05 16:11:32.365997+00:00,Market Area,47,47,0.0,1.0
2026-03-05 11:20:19.019343+00:00,2026-03-05 16:50:19.019343+00:00,Central Junction,48,48,0.0,1.0
2026-03-05 11:20:19.500394+00:00,2026-03-05 16:50:19.500394+00:00,MC Road Segment,48,48,0.0,1.0
2026-03-05 11:20:19.625330+00:00,2026-03-05 16:50:19.625330+00:00,Market Area,47,47,0.0,1.0
2026-03-05 11:52:21.392501+00:00,2026-03-05 17:22:21.392501+00:00,Central Junction,39,48,0.1875,0.933995
2026-03-05 11:52:21.930029+00:00,2026-03-05 17:22:21.930029+00:00,MC Road Segment,39,48,0.1875,0.933995
2026-03-05 11:52:22.151500+00:00,2026-03-05 17:22:22.151500+00:00,Market Area,47,47,0.0,1.0
2026-03-05 12:33:19.735410+00:00,2026-03-05 18:03:19.735410+00:00,Central Junction,48,48,0.0,1.0
2026-03-05 12:33:20.151214+00:00,2026-03-05 18:03:20.151214+00:00,MC Road Segment,48,48,0.0,1.0
2026-03-05 12:33:20.316839+00:00,2026-03-05 18:03:20.316839+00:00,Market Area,47,47,0.0,1.0
2026-03-05 13:46:48.858660+00:00,2026-03-05 19:16:48.858660+00:00,Central Junction,48,48,0.0,1.0
2026-03-05 13:46:49.202550+00:00,2026-03-05 19:16:49.202550+00:00,MC Road Segment,48,48,0.0,1.0
2026-03-05 13:46:49.376078+00:00,2026-03-05 19:16:49.376078+00:00,Market Area,47,47,0.0,1.0
2026-03-05 14:37:29.271017+00:00,2026-03-05 20:07:29.271017+00:00,Central Junction,48,48,0.0,1.0
2026-03-05 14:37:29.805245+00:00,2026-03-05 20:07:29.805245+00:00,MC Road Segment,48,48,0.0,1.0
2026-03-05 14:37:29.963840+00:00,2026-03-05 20:07:29.963840+00:00,Market Area,47,47,0.0,1.0
2026-03-05 15:33:05.775178+00:00,2026-03-05 21:03:05.775178+00:00,Central Junction,48,48,0.0,1.0
2026-03-05 15:33:06.262854+00:00,2026-03-05 21:03:06.262854+00:00,MC Road Segment,48,48,0.0,1.0
2026-03-05 15:33:06.400289+00:00,2026-03-05 21:03:06.400289+00:00,Market Area,47,47,0.0,1.0
2026-03-05 17:48:18.204421+00:00,2026-03-05 23:18:18.204421+00:00,Central Junction,48,48,0.0,1.0
2026-03-05 17:48:18.623291+00:00,2026-03-05 23:18:18.623291+00:00,MC Road Segment,48,48,0.0,1.0
2026-03-05 17:48:18.770659+00:00,2026-03-05 23:18:18.770659+00:00,Market Area,47,47,0.0,1.0
2026-03-05 19:05:24.948613+00:00,2026-03-06 00:35:24.948613+00:00,Central Junction,48,48,0.0,1.0
2026-03-05 19:05:25.494461+00:00,2026-03-06 00:35:25.494461+00:00,MC Road Segment,48,48,0.0,1.0
2026-03-05 19:05:25.773721+00:00,2026-03-06 00:35:25.773721+00:00,Market Area,47,47,0.0,1.0
2026-03-05 19:59:22.100251+00:00,2026-03-06 01:29:22.100251+00:00,Central Junction,48,48,0.0,1.0
2026-03-05 19:59:22.503349+00:00,2026-03-06 01:29:22.503349+00:00,MC Road Segment,48,48,0.0,1.0
2026-03-05 19:59:22.678758+00:00,2026-03-06 01:29:22.678758+00:00,Market Area,47,47,0.0,1.0
2026-03-05 20:36:56.617188+00:00,2026-03-06 02:06:56.617188+00:00,Central Junction,48,48,0.0,1.0
2026-03-05 20:36:57.272025+00:00,2026-03-06 02:06:57.272025+00:00,MC Road Segment,48,48,0.0,1.0
2026-03-05 20:36:57.415562+00:00,2026-03-06 02:06:57.415562+00:00,Market Area,47,47,0.0,1.0
2026-03-05 21:05:18.070054+00:00,2026-03-06 02:35:18.070054+00:00,Central Junction,48,48,0.0,1.0
2026-03-05 21:05:18.648240+00:00,2026-03-06 02:35:18.648240+00:00,MC Road Segment,48,48,0.0,1.0
2026-03-05 21:05:18.885232+00:00,2026-03-06 02:35:18.885232+00:00,Market Area,47,47,0.0,1.0
2026-03-05 21:48:53.393573+00:00,2026-03-06 03:18:53.393573+00:00,Central Junction,48,48,0.0,1.0
2026-03-05 21:48:54.010925+00:00,2026-03-06 03:18:54.010925+00:00,MC Road Segment,48,48,0.0,1.0
2026-03-05 21:48:54.187009+00:00,2026-03-06 03:18:54.187009+00:00,Market Area,47,47,0.0,1.0
2026-03-05 22:19:04.397999+00:00,2026-03-06 03:49:04.397999+00:00,Central Junction,48,48,0.0,1.0
2026-03-05 22:19:04.919186+00:00,2026-03-06 03:49:04.919186+00:00,MC Road Segment,48,48,0.0,1.0
2026-03-05 22:19:05.121443+00:00,2026-03-06 03:49:05.121443+00:00,Market Area,47,47,0.0,1.0
2026-03-05 23:32:25.508413+00:00,2026-03-06 05:02:25.508413+00:00,Central Junction,48,48,0.0,1.0
2026-03-05 23:32:26.059689+00:00,2026-03-06 05:02:26.059689+00:00,MC Road Segment,48,48,0.0,1.0
2026-03-05 23:32:26.304337+00:00,2026-03-06 05:02:26.304337+00:00,Market Area,47,47,0.0,1.0
2026-03-06 00:07:27.517331+00:00,2026-03-06 05:37:27.517331+00:00,Central Junction,48,48,0.0,1.0
2026-03-06 00:07:27.984922+00:00,2026-03-06 05:37:27.984922+00:00,MC Road Segment,48,48,0.0,1.0
2026-03-06 00:07:28.123640+00:00,2026-03-06 05:37:28.123640+00:00,Market Area,47,47,0.0,1.0
2026-03-06 02:49:54.760054+00:00,2026-03-06 08:19:54.760054+00:00,Central Junction,48,48,0.0,1.0
2026-03-06 02:49:55.340435+00:00,2026-03-06 08:19:55.340435+00:00,MC Road Segment,48,48,0.0,1.0
2026-03-06 02:49:55.584360+00:00,2026-03-06 08:19:55.584360+00:00,Market Area,47,47,0.0,1.0
2026-03-06 04:25:41.714069+00:00,2026-03-06 09:55:41.714069+00:00,Central Junction,48,48,0.0,1.0
2026-03-06 04:25:42.314684+00:00,2026-03-06 09:55:42.314684+00:00,MC Road Segment,48,48,0.0,1.0
2026-03-06 04:25:42.549474+00:00,2026-03-06 09:55:42.549474+00:00,Market Area,47,47,0.0,1.0
2026-03-06 05:28:20.747584+00:00,2026-03-06 10:58:20.747584+00:00,Central Junction,48,48,0.0,1.0
2026-03-06 05:28:21.173739+00:00,2026-03-06 10:58:21.173739+00:00,MC Road Segment,48,48,0.0,1.0
2026-03-06 05:28:21.311285+00:00,2026-03-06 10:58:21.311285+00:00,Market Area,47,47,0.0,1.0
2026-03-06 06:04:38.591218+00:00,2026-03-06 11:34:38.591218+00:00,Central Junction,48,48,0.0,1.0
2026-03-06 06:04:39.109830+00:00,2026-03-06 11:34:39.109830+00:00,MC Road Segment,48,48,0.0,1.0
2026-03-06 06:04:39.396994+00:00,2026-03-06 11:34:39.396994+00:00,Market Area,47,47,0.0,1.0
2026-03-06 07:06:19.345322+00:00,2026-03-06 12:36:19.345322+00:00,Central Junction,48,48,0.0,1.0
2026-03-06 07:06:19.938798+00:00,2026-03-06 12:36:19.938798+00:00,MC Road Segment,48,48,0.0,1.0
2026-03-06 07:06:20.233182+00:00,2026-03-06 12:36:20.233182+00:00,Market Area,47,47,0.0,1.0
2026-03-06 07:50:04.586829+00:00,2026-03-06 13:20:04.586829+00:00,Central Junction,48,48,0.0,1.0
2026-03-06 07:50:05.077588+00:00,2026-03-06 13:20:05.077588+00:00,MC Road Segment,48,48,0.0,1.0
2026-03-06 07:50:05.255846+00:00,2026-03-06 13:20:05.255846+00:00,Market Area,47,47,0.0,1.0
2026-03-06 08:23:59.611179+00:00,2026-03-06 13:53:59.611179+00:00,Central Junction,48,48,0.0,1.0
2026-03-06 08:24:00.182354+00:00,2026-03-06 13:54:00.182354+00:00,MC Road Segment,48,48,0.0,1.0
2026-03-06 08:24:00.460322+00:00,2026-03-06 13:54:00.460322+00:00,Market Area,39,47,0.1702127659574468,0.968597
2026-03-06 09:00:37.278686+00:00,2026-03-06 14:30:37.278686+00:00,Central Junction,48,48,0.0,1.0
2026-03-06 09:00:37.848011+00:00,2026-03-06 14:30:37.848011+00:00,MC Road Segment,48,48,0.0,1.0
2026-03-06 09:00:38.152469+00:00,2026-03-06 14:30:38.152469+00:00,Market Area,47,47,0.0,1.0
2026-03-06 09:54:30.046831+00:00,2026-03-06 15:24:30.046831+00:00,Central Junction,48,48,0.0,1.0
2026-03-06 09:54:30.512717+00:00,2026-03-06 15:24:30.512717+00:00,MC Road Segment,48,48,0.0,1.0
2026-03-06 09:54:30.771021+00:00,2026-03-06 15:24:30.771021+00:00,Market Area,47,47,0.0,1.0
2026-03-06 10:23:16.641010+00:00,2026-03-06 15:53:16.641010+00:00,Central Junction,48,48,0.0,1.0
2026-03-06 10:23:17.049301+00:00,2026-03-06 15:53:17.049301+00:00,MC Road Segment,48,48,0.0,1.0
2026-03-06 10:23:17.206548+00:00,2026-03-06 15:53:17.206548+00:00,Market Area,47,47,0.0,1.0
2026-03-06 10:59:52.604737+00:00,2026-03-06 16:29:52.604737+00:00,Central Junction,48,48,0.0,1.0
2026-03-06 10:59:53.195062+00:00,2026-03-06 16:29:53.195062+00:00,MC Road Segment,48,48,0.0,1.0
2026-03-06 10:59:53.446857+00:00,2026-03-06 16:29:53.446857+00:00,Market Area,47,47,0.0,1.0
2026-03-06 11:30:07.483802+00:00,2026-03-06 17:00:07.483802+00:00,Central Junction,48,48,0.0,1.0
2026-03-06 11:30:08.468239+00:00,2026-03-06 17:00:08.468239+00:00,MC Road Segment,48,48,0.0,1.0
2026-03-06 11:30:08.679295+00:00,2026-03-06 17:00:08.679295+00:00,Market Area,47,47,0.0,1.0
2026-03-06 11:51:44.976208+00:00,2026-03-06 17:21:44.976208+00:00,Central Junction,43,48,0.10416666666666667,0.954369
2026-03-06 11:51:45.375042+00:00,2026-03-06 17:21:45.375042+00:00,MC Road Segment,43,48,0.10416666666666667,0.954369
2026-03-06 11:51:45.522346+00:00,2026-03-06 17:21:45.522346+00:00,Market Area,47,47,0.0,1.0
2026-03-06 12:28:43.060239+00:00,2026-03-06 17:58:43.060239+00:00,Central Junction,48,48,0.0,1.0
2026-03-06 12:28:43.469152+00:00,2026-03-06 17:58:43.469152+00:00,MC Road Segment,48,48,0.0,1.0
2026-03-06 12:28:43.616327+00:00,2026-03-06 17:58:43.616327+00:00,Market Area,47,47,0.0,1.0
2026-03-06 13:34:09.056504+00:00,2026-03-06 19:04:09.056504+00:00,Central Junction,48,48,0.0,1.0
2026-03-06 13:34:09.617041+00:00,2026-03-06 19:04:09.617041+00:00,MC Road Segment,48,48,0.0,1.0
2026-03-06 13:34:09.844987+00:00,2026-03-06 19:04:09.844987+00:00,Market Area,47,47,0.0,1.0
2026-03-06 14:21:55.922684+00:00,2026-03-06 19:51:55.922684+00:00,Central Junction,48,48,0.0,1.0
2026-03-06 14:21:56.495991+00:00,2026-03-06 19:51:56.495991+00:00,MC Road Segment,48,48,0.0,1.0
2026-03-06 14:21:56.701650+00:00,2026-03-06 19:51:56.701650+00:00,Market Area,47,47,0.0,1.0
2026-03-06 15:01:44.328061+00:00,2026-03-06 20:31:44.328061+00:00,Central Junction,37,48,0.22916666666666666,0.960335
2026-03-06 15:01:44.889236+00:00,2026-03-06 20:31:44.889236+00:00,MC Road Segment,37,48,0.22916666666666666,0.960335
2026-03-06 15:01:45.114324+00:00,2026-03-06 20:31:45.114324+00:00,Market Area,41,47,0.1276595744680851,0.907003
2026-03-06 15:52:32.657694+00:00,2026-03-06 21:22:32.657694+00:00,Central Junction,48,48,0.0,1.0
2026-03-06 15:52:33.155235+00:00,2026-03-06 21:22:33.155235+00:00,MC Road Segment,48,48,0.0,1.0
2026-03-06 15:52:33.389801+00:00,2026-03-06 21:22:33.389801+00:00,Market Area,47,47,0.0,1.0
2026-03-06 16:26:29.883362+00:00,2026-03-06 21:56:29.883362+00:00,Central Junction,48,48,0.0,1.0
2026-03-06 16:26:30.367463+00:00,2026-03-06 21:56:30.367463+00:00,MC Road Segment,48,48,0.0,1.0
2026-03-06 16:26:30.559593+00:00,2026-03-06 21:56:30.559593+00:00,Market Area,47,47,0.0,1.0
2026-03-06 17:04:19.713541+00:00,2026-03-06 22:34:19.713541+00:00,Central Junction,48,48,0.0,1.0
2026-03-06 17:04:20.328336+00:00,2026-03-06 22:34:20.328336+00:00,MC Road Segment,48,48,0.0,1.0
2026-03-06 17:04:20.621636+00:00,2026-03-06 22:34:20.621636+00:00,Market Area,47,47,0.0,1.0
2026-03-06 17:51:02.546930+00:00,2026-03-06 23:21:02.546930+00:00,Central Junction,48,48,0.0,1.0
2026-03-06 17:51:02.912823+00:00,2026-03-06 23:21:02.912823+00:00,MC Road Segment,48,48,0.0,1.0
2026-03-06 17:51:03.041092+00:00,2026-03-06 23:21:03.041092+00:00,Market Area,47,47,0.0,1.0
2026-03-06 18:28:29.802290+00:00,2026-03-06 23:58:29.802290+00:00,Central Junction,48,48,0.0,1.0
2026-03-06 18:28:30.324575+00:00,2026-03-06 23:58:30.324575+00:00,MC Road Segment,48,48,0.0,1.0
2026-03-06 18:28:30.491326+00:00,2026-03-06 23:58:30.491326+00:00,Market Area,43,47,0.0851063829787234,0.853915
2026-03-06 19:08:43.504630+00:00,2026-03-07 00:38:43.504630+00:00,Central Junction,48,48,0.0,1.0
2026-03-06 19:08:44.091697+00:00,2026-03-07 00:38:44.091697+00:00,MC Road Segment,48,48,0.0,1.0
2026-03-06 19:08:44.334861+00:00,2026-03-07 00:38:44.334861+00:00,Market Area,47,47,0.0,1.0
2026-03-06 19:46:34.572047+00:00,2026-03-07 01:16:34.572047+00:00,Central Junction,48,48,0.0,1.0
2026-03-06 19:46:35.116093+00:00,2026-03-07 01:16:35.116093+00:00,MC Road Segment,48,48,0.0,1.0
2026-03-06 19:46:35.352996+00:00,2026-03-07 01:16:35.352996+00:00,Market Area,47,47,0.0,1.0
2026-03-06 20:19:21.381679+00:00,2026-03-07 01:49:21.381679+00:00,Central Junction,48,48,0.0,1.0
2026-03-06 20:19:21.878657+00:00,2026-03-07 01:49:21.878657+00:00,MC Road Segment,48,48,0.0,1.0
2026-03-06 20:19:22.029233+00:00,2026-03-07 01:49:22.029233+00:00,Market Area,47,47,0.0,1.0
2026-03-06 20:52:26.390156+00:00,2026-03-07 02:22:26.390156+00:00,Central Junction,48,48,0.0,1.0
2026-03-06 20:52:27.057557+00:00,2026-03-07 02:22:27.057557+00:00,MC Road Segment,48,48,0.0,1.0
2026-03-06 20:52:27.301900+00:00,2026-03-07 02:22:27.301900+00:00,Market Area,47,47,0.0,1.0
2026-03-06 21:18:57.494865+00:00,2026-03-07 02:48:57.494865+00:00,Central Junction,48,48,0.0,1.0
2026-03-06 21:18:58.080850+00:00,2026-03-07 02:48:58.080850+00:00,MC Road Segment,48,48,0.0,1.0
2026-03-06 21:18:58.318459+00:00,2026-03-07 02:48:58.318459+00:00,Market Area,47,47,0.0,1.0
2026-03-06 21:48:47.471855+00:00,2026-03-07 03:18:47.471855+00:00,Central Junction,48,48,0.0,1.0
2026-03-06 21:48:48.064271+00:00,2026-03-07 03:18:48.064271+00:00,MC Road Segment,48,48,0.0,1.0
2026-03-06 21:48:48.349297+00:00,2026-03-07 03:18:48.349297+00:00,Market Area,47,47,0.0,1.0
2026-03-06 22:16:23.046829+00:00,2026-03-07 03:46:23.046829+00:00,Central Junction,48,48,0.0,1.0
2026-03-06 22:16:23.601321+00:00,2026-03-07 03:46:23.601321+00:00,MC Road Segment,48,48,0.0,1.0
2026-03-06 22:16:23.772730+00:00,2026-03-07 03:46:23.772730+00:00,Market Area,47,47,0.0,1.0
2026-03-06 22:51:55.636508+00:00,2026-03-07 04:21:55.636508+00:00,Central Junction,48,48,0.0,1.0
2026-03-06 22:51:56.198279+00:00,2026-03-07 04:21:56.198279+00:00,MC Road Segment,48,48,0.0,1.0
2026-03-06 22:51:56.488150+00:00,2026-03-07 04:21:56.488150+00:00,Market Area,47,47,0.0,1.0
2026-03-06 23:17:21.863579+00:00,2026-03-07 04:47:21.863579+00:00,Central Junction,48,48,0.0,1.0
2026-03-06 23:17:22.362529+00:00,2026-03-07 04:47:22.362529+00:00,MC Road Segment,48,48,0.0,1.0
2026-03-06 23:17:22.566704+00:00,2026-03-07 04:47:22.566704+00:00,Market Area,47,47,0.0,1.0
2026-03-06 23:46:44.011613+00:00,2026-03-07 05:16:44.011613+00:00,Central Junction,48,48,0.0,1.0
2026-03-06 23:46:44.568281+00:00,2026-03-07 05:16:44.568281+00:00,MC Road Segment,48,48,0.0,1.0
2026-03-06 23:46:44.816626+00:00,2026-03-07 05:16:44.816626+00:00,Market Area,47,47,0.0,1.0
2026-03-07 00:59:46.412254+00:00,2026-03-07 06:29:46.412254+00:00,Central Junction,48,48,0.0,1.0
2026-03-07 00:59:46.944059+00:00,2026-03-07 06:29:46.944059+00:00,MC Road Segment,48,48,0.0,1.0
2026-03-07 00:59:47.107136+00:00,2026-03-07 06:29:47.107136+00:00,Market Area,47,47,0.0,1.0
2026-03-07 03:15:45.964101+00:00,2026-03-07 08:45:45.964101+00:00,Central Junction,48,48,0.0,1.0
2026-03-07 03:15:46.482744+00:00,2026-03-07 08:45:46.482744+00:00,MC Road Segment,48,48,0.0,1.0
2026-03-07 03:15:46.654779+00:00,2026-03-07 08:45:46.654779+00:00,Market Area,47,47,0.0,1.0
2026-03-07 04:44:05.058112+00:00,2026-03-07 10:14:05.058112+00:00,Central Junction,48,48,0.0,1.0
2026-03-07 04:44:05.505227+00:00,2026-03-07 10:14:05.505227+00:00,MC Road Segment,48,48,0.0,1.0
2026-03-07 04:44:05.649222+00:00,2026-03-07 10:14:05.649222+00:00,Market Area,47,47,0.0,1.0
2026-03-07 05:25:47.042441+00:00,2026-03-07 10:55:47.042441+00:00,Central Junction,48,48,0.0,1.0
2026-03-07 05:25:47.525789+00:00,2026-03-07 10:55:47.525789+00:00,MC Road Segment,48,48,0.0,1.0
2026-03-07 05:25:47.689246+00:00,2026-03-07 10:55:47.689246+00:00,Market Area,47,47,0.0,1.0
2026-03-07 05:56:42.061270+00:00,2026-03-07 11:26:42.061270+00:00,Central Junction,42,48,0.125,0.993627
2026-03-07 05:56:42.604989+00:00,2026-03-07 11:26:42.604989+00:00,MC Road Segment,42,48,0.125,0.993627
2026-03-07 05:56:42.831496+00:00,2026-03-07 11:26:42.831496+00:00,Market Area,47,47,0.0,1.0
2026-03-07 06:29:58.044425+00:00,2026-03-07 11:59:58.044425+00:00,Central Junction,41,48,0.14583333333333334,0.989059
2026-03-07 06:29:58.611651+00:00,2026-03-07 11:59:58.611651+00:00,MC Road Segment,41,48,0.14583333333333334,0.989059
2026-03-07 06:29:58.816655+00:00,2026-03-07 11:59:58.816655+00:00,Market Area,47,47,0.0,1.0
2026-03-07 07:04:29.793415+00:00,2026-03-07 12:34:29.793415+00:00,Central Junction,48,48,0.0,1.0
2026-03-07 07:04:30.220139+00:00,2026-03-07 12:34:30.220139+00:00,MC Road Segment,48,48,0.0,1.0
2026-03-07 07:04:30.384422+00:00,2026-03-07 12:34:30.384422+00:00,Market Area,47,47,0.0,1.0
2026-03-07 07:40:18.563541+00:00,2026-03-07 13:10:18.563541+00:00,Central Junction,48,48,0.0,1.0
2026-03-07 07:40:19.111570+00:00,2026-03-07 13:10:19.111570+00:00,MC Road Segment,48,48,0.0,1.0
2026-03-07 07:40:19.352339+00:00,2026-03-07 13:10:19.352339+00:00,Market Area,47,47,0.0,1.0
2026-03-07 07:54:17.094455+00:00,2026-03-07 13:24:17.094455+00:00,Central Junction,48,48,0.0,1.0
2026-03-07 07:54:17.466638+00:00,2026-03-07 13:24:17.466638+00:00,MC Road Segment,48,48,0.0,1.0
2026-03-07 07:54:17.624581+00:00,2026-03-07 13:24:17.624581+00:00,Market Area,47,47,0.0,1.0
2026-03-07 08:16:43.544877+00:00,2026-03-07 13:46:43.544877+00:00,Central Junction,48,48,0.0,1.0
2026-03-07 08:16:44.107842+00:00,2026-03-07 13:46:44.107842+00:00,MC Road Segment,48,48,0.0,1.0
2026-03-07 08:16:44.342921+00:00,2026-03-07 13:46:44.342921+00:00,Market Area,47,47,0.0,1.0
2026-03-07 08:51:17.266446+00:00,2026-03-07 14:21:17.266446+00:00,Central Junction,48,48,0.0,1.0
2026-03-07 08:51:17.742042+00:00,2026-03-07 14:21:17.742042+00:00,MC Road Segment,48,48,0.0,1.0
2026-03-07 08:51:17.919261+00:00,2026-03-07 14:21:17.919261+00:00,Market Area,47,47,0.0,1.0
2026-03-07 09:18:18.541529+00:00,2026-03-07 14:48:18.541529+00:00,Central Junction,48,48,0.0,1.0
2026-03-07 09:18:19.063738+00:00,2026-03-07 14:48:19.063738+00:00,MC Road Segment,48,48,0.0,1.0
2026-03-07 09:18:19.244061+00:00,2026-03-07 14:48:19.244061+00:00,Market Area,47,47,0.0,1.0
2026-03-07 09:47:49.342889+00:00,2026-03-07 15:17:49.342889+00:00,Central Junction,48,48,0.0,1.0
2026-03-07 09:47:49.836487+00:00,2026-03-07 15:17:49.836487+00:00,MC Road Segment,48,48,0.0,1.0
2026-03-07 09:47:50.009350+00:00,2026-03-07 15:17:50.009350+00:00,Market Area,47,47,0.0,1.0
2026-03-07 10:12:41.279959+00:00,2026-03-07 15:42:41.279959+00:00,Central Junction,48,48,0.0,1.0
2026-03-07 10:12:41.715421+00:00,2026-03-07 15:42:41.715421+00:00,MC Road Segment,48,48,0.0,1.0
2026-03-07 10:12:41.850172+00:00,2026-03-07 15:42:41.850172+00:00,Market Area,47,47,0.0,1.0
2026-03-07 10:41:26.482129+00:00,2026-03-07 16:11:26.482129+00:00,Central Junction,48,48,0.0,1.0
2026-03-07 10:41:27.062606+00:00,2026-03-07 16:11:27.062606+00:00,MC Road Segment,48,48,0.0,1.0
2026-03-07 10:41:27.346140+00:00,2026-03-07 16:11:27.346140+00:00,Market Area,47,47,0.0,1.0
2026-03-07 10:54:41.634623+00:00,2026-03-07 16:24:41.634623+00:00,Central Junction,48,48,0.0,1.0
2026-03-07 10:54:42.073392+00:00,2026-03-07 16:24:42.073392+00:00,MC Road Segment,48,48,0.0,1.0
2026-03-07 10:54:42.261372+00:00,2026-03-07 16:24:42.261372+00:00,Market Area,47,47,0.0,1.0
2026-03-07 11:10:31.628792+00:00,2026-03-07 16:40:31.628792+00:00,Central Junction,48,48,0.0,1.0
2026-03-07 11:10:32.095710+00:00,2026-03-07 16:40:32.095710+00:00,MC Road Segment,48,48,0.0,1.0
2026-03-07 11:10:32.243246+00:00,2026-03-07 16:40:32.243246+00:00,Market Area,47,47,0.0,1.0
2026-03-07 11:31:49.246543+00:00,2026-03-07 17:01:49.246543+00:00,Central Junction,48,48,0.0,1.0
2026-03-07 11:31:49.591649+00:00,2026-03-07 17:01:49.591649+00:00,MC Road Segment,48,48,0.0,1.0
2026-03-07 11:31:49.733560+00:00,2026-03-07 17:01:49.733560+00:00,Market Area,47,47,0.0,1.0
2026-03-07 11:50:55.803951+00:00,2026-03-07 17:20:55.803951+00:00,Central Junction,48,48,0.0,1.0
2026-03-07 11:50:56.123840+00:00,2026-03-07 17:20:56.123840+00:00,MC Road Segment,48,48,0.0,1.0
2026-03-07 11:50:56.247526+00:00,2026-03-07 17:20:56.247526+00:00,Market Area,39,47,0.1702127659574468,0.980801
2026-03-07 12:22:10.462548+00:00,2026-03-07 17:52:10.462548+00:00,Central Junction,42,48,0.125,0.982907
2026-03-07 12:22:10.973691+00:00,2026-03-07 17:52:10.973691+00:00,MC Road Segment,42,48,0.125,0.982907
2026-03-07 12:22:11.140000+00:00,2026-03-07 17:52:11.140000+00:00,Market Area,47,47,0.0,1.0
2026-03-07 13:11:40.765662+00:00,2026-03-07 18:41:40.765662+00:00,Central Junction,41,48,0.14583333333333334,0.976906
2026-03-07 13:11:41.339119+00:00,2026-03-07 18:41:41.339119+00:00,MC Road Segment,41,48,0.14583333333333334,0.976906
2026-03-07 13:11:41.611789+00:00,2026-03-07 18:41:41.611789+00:00,Market Area,41,47,0.1276595744680851,0.973643
2026-03-07 13:48:11.422065+00:00,2026-03-07 19:18:11.422065+00:00,Central Junction,40,48,0.16666666666666666,0.966782
2026-03-07 13:48:11.945132+00:00,2026-03-07 19:18:11.945132+00:00,MC Road Segment,40,48,0.16666666666666666,0.966782
2026-03-07 13:48:12.120254+00:00,2026-03-07 19:18:12.120254+00:00,Market Area,38,47,0.19148936170212766,0.982892
2026-03-07 14:14:03.088496+00:00,2026-03-07 19:44:03.088496+00:00,Central Junction,42,48,0.125,0.976496
2026-03-07 14:14:03.643636+00:00,2026-03-07 19:44:03.643636+00:00,MC Road Segment,42,48,0.125,0.976496
2026-03-07 14:14:03.924910+00:00,2026-03-07 19:44:03.924910+00:00,Market Area,39,47,0.1702127659574468,0.921193
2026-03-07 14:41:51.844077+00:00,2026-03-07 20:11:51.844077+00:00,Central Junction,37,49,0.24489795918367346,0.98329
2026-03-07 14:41:52.245719+00:00,2026-03-07 20:11:52.245719+00:00,MC Road Segment,37,49,0.24489795918367346,0.98329
2026-03-07 14:41:52.385174+00:00,2026-03-07 20:11:52.385174+00:00,Market Area,47,47,0.0,1.0
2026-03-07 14:56:05.947741+00:00,2026-03-07 20:26:05.947741+00:00,Central Junction,48,48,0.0,1.0
2026-03-07 14:56:06.368949+00:00,2026-03-07 20:26:06.368949+00:00,MC Road Segment,48,48,0.0,1.0
2026-03-07 14:56:06.490647+00:00,2026-03-07 20:26:06.490647+00:00,Market Area,47,47,0.0,1.0
2026-03-07 15:14:32.431718+00:00,2026-03-07 20:44:32.431718+00:00,Central Junction,48,48,0.0,1.0
2026-03-07 15:14:32.992419+00:00,2026-03-07 20:44:32.992419+00:00,MC Road Segment,48,48,0.0,1.0
2026-03-07 15:14:33.220704+00:00,2026-03-07 20:44:33.220704+00:00,Market Area,47,47,0.0,1.0
2026-03-07 15:36:23.309633+00:00,2026-03-07 21:06:23.309633+00:00,Central Junction,48,48,0.0,1.0
2026-03-07 15:36:23.770592+00:00,2026-03-07 21:06:23.770592+00:00,MC Road Segment,48,48,0.0,1.0
2026-03-07 15:36:23.891451+00:00,2026-03-07 21:06:23.891451+00:00,Market Area,47,47,0.0,1.0
2026-03-07 15:52:32.169739+00:00,2026-03-07 21:22:32.169739+00:00,Central Junction,48,48,0.0,1.0
2026-03-07 15:52:32.743967+00:00,2026-03-07 21:22:32.743967+00:00,MC Road Segment,48,48,0.0,1.0
2026-03-07 15:52:32.925907+00:00,2026-03-07 21:22:32.925907+00:00,Market Area,47,47,0.0,1.0
2026-03-07 16:14:41.891026+00:00,2026-03-07 21:44:41.891026+00:00,Central Junction,48,48,0.0,1.0
2026-03-07 16:14:42.346309+00:00,2026-03-07 21:44:42.346309+00:00,MC Road Segment,48,48,0.0,1.0
2026-03-07 16:14:42.569768+00:00,2026-03-07 21:44:42.569768+00:00,Market Area,47,47,0.0,1.0
2026-03-07 16:44:10.666051+00:00,2026-03-07 22:14:10.666051+00:00,Central Junction,48,48,0.0,1.0
2026-03-07 16:44:11.214593+00:00,2026-03-07 22:14:11.214593+00:00,MC Road Segment,48,48,0.0,1.0
2026-03-07 16:44:11.469782+00:00,2026-03-07 22:14:11.469782+00:00,Market Area,47,47,0.0,1.0
2026-03-07 16:58:26.871240+00:00,2026-03-07 22:28:26.871240+00:00,Central Junction,48,48,0.0,1.0
2026-03-07 16:58:27.449240+00:00,2026-03-07 22:28:27.449240+00:00,MC Road Segment,48,48,0.0,1.0
2026-03-07 16:58:27.748621+00:00,2026-03-07 22:28:27.748621+00:00,Market Area,47,47,0.0,1.0
2026-03-07 17:18:45.333616+00:00,2026-03-07 22:48:45.333616+00:00,Central Junction,48,48,0.0,1.0
2026-03-07 17:18:45.801384+00:00,2026-03-07 22:48:45.801384+00:00,MC Road Segment,48,48,0.0,1.0
2026-03-07 17:18:45.995033+00:00,2026-03-07 22:48:45.995033+00:00,Market Area,47,47,0.0,1.0
2026-03-07 17:42:41.889233+00:00,2026-03-07 23:12:41.889233+00:00,Central Junction,48,48,0.0,1.0
2026-03-07 17:42:42.328025+00:00,2026-03-07 23:12:42.328025+00:00,MC Road Segment,48,48,0.0,1.0
2026-03-07 17:42:42.460439+00:00,2026-03-07 23:12:42.460439+00:00,Market Area,47,47,0.0,1.0
2026-03-07 17:54:39.894197+00:00,2026-03-07 23:24:39.894197+00:00,Central Junction,48,48,0.0,1.0
2026-03-07 17:54:40.445353+00:00,2026-03-07 23:24:40.445353+00:00,MC Road Segment,48,48,0.0,1.0
2026-03-07 17:54:40.704002+00:00,2026-03-07 23:24:40.704002+00:00,Market Area,47,47,0.0,1.0
2026-03-07 18:17:23.639498+00:00,2026-03-07 23:47:23.639498+00:00,Central Junction,48,48,0.0,1.0
2026-03-07 18:17:24.149777+00:00,2026-03-07 23:47:24.149777+00:00,MC Road Segment,48,48,0.0,1.0
2026-03-07 18:17:24.336169+00:00,2026-03-07 23:47:24.336169+00:00,Market Area,47,47,0.0,1.0
2026-03-07 18:53:25.549553+00:00,2026-03-08 00:23:25.549553+00:00,Central Junction,48,48,0.0,1.0
2026-03-07 18:53:26.125520+00:00,2026-03-08 00:23:26.125520+00:00,MC Road Segment,48,48,0.0,1.0
2026-03-07 18:53:26.329626+00:00,2026-03-08 00:23:26.329626+00:00,Market Area,47,47,0.0,1.0
2026-03-07 19:13:21.583867+00:00,2026-03-08 00:43:21.583867+00:00,Central Junction,48,48,0.0,1.0
2026-03-07 19:13:22.126678+00:00,2026-03-08 00:43:22.126678+00:00,MC Road Segment,48,48,0.0,1.0
2026-03-07 19:13:22.404450+00:00,2026-03-08 00:43:22.404450+00:00,Market Area,47,47,0.0,1.0
2026-03-07 19:32:55.954392+00:00,2026-03-08 01:02:55.954392+00:00,Central Junction,48,48,0.0,1.0
2026-03-07 19:32:56.494102+00:00,2026-03-08 01:02:56.494102+00:00,MC Road Segment,48,48,0.0,1.0
2026-03-07 19:32:56.739452+00:00,2026-03-08 01:02:56.739452+00:00,Market Area,47,47,0.0,1.0
2026-03-07 19:50:26.440512+00:00,2026-03-08 01:20:26.440512+00:00,Central Junction,48,48,0.0,1.0
2026-03-07 19:50:26.881856+00:00,2026-03-08 01:20:26.881856+00:00,MC Road Segment,48,48,0.0,1.0
2026-03-07 19:50:27.045250+00:00,2026-03-08 01:20:27.045250+00:00,Market Area,47,47,0.0,1.0
2026-03-07 20:12:57.506213+00:00,2026-03-08 01:42:57.506213+00:00,Central Junction,48,48,0.0,1.0
2026-03-07 20:12:58.076369+00:00,2026-03-08 01:42:58.076369+00:00,MC Road Segment,48,48,0.0,1.0
2026-03-07 20:12:58.386918+00:00,2026-03-08 01:42:58.386918+00:00,Market Area,47,47,0.0,1.0
2026-03-07 20:38:37.024227+00:00,2026-03-08 02:08:37.024227+00:00,Central Junction,48,48,0.0,1.0
2026-03-07 20:38:37.387506+00:00,2026-03-08 02:08:37.387506+00:00,MC Road Segment,48,48,0.0,1.0
2026-03-07 20:38:37.546092+00:00,2026-03-08 02:08:37.546092+00:00,Market Area,47,47,0.0,1.0
2026-03-07 20:54:45.180670+00:00,2026-03-08 02:24:45.180670+00:00,Central Junction,48,48,0.0,1.0
2026-03-07 20:54:45.724260+00:00,2026-03-08 02:24:45.724260+00:00,MC Road Segment,48,48,0.0,1.0
2026-03-07 20:54:45.966605+00:00,2026-03-08 02:24:45.966605+00:00,Market Area,47,47,0.0,1.0
2026-03-07 21:11:01.499189+00:00,2026-03-08 02:41:01.499189+00:00,Central Junction,48,48,0.0,1.0
2026-03-07 21:11:01.981129+00:00,2026-03-08 02:41:01.981129+00:00,MC Road Segment,48,48,0.0,1.0
2026-03-07 21:11:02.250824+00:00,2026-03-08 02:41:02.250824+00:00,Market Area,47,47,0.0,1.0
2026-03-07 21:33:13.061909+00:00,2026-03-08 03:03:13.061909+00:00,Central Junction,48,48,0.0,1.0
2026-03-07 21:33:13.618334+00:00,2026-03-08 03:03:13.618334+00:00,MC Road Segment,48,48,0.0,1.0
2026-03-07 21:33:13.918712+00:00,2026-03-08 03:03:13.918712+00:00,Market Area,47,47,0.0,1.0
2026-03-07 21:51:24.865309+00:00,2026-03-08 03:21:24.865309+00:00,Central Junction,48,48,0.0,1.0
2026-03-07 21:51:25.355265+00:00,2026-03-08 03:21:25.355265+00:00,MC Road Segment,48,48,0.0,1.0
2026-03-07 21:51:25.519184+00:00,2026-03-08 03:21:25.519184+00:00,Market Area,47,47,0.0,1.0
2026-03-07 22:11:46.343499+00:00,2026-03-08 03:41:46.343499+00:00,Central Junction,48,48,0.0,1.0
2026-03-07 22:11:46.635663+00:00,2026-03-08 03:41:46.635663+00:00,MC Road Segment,48,48,0.0,1.0
2026-03-07 22:11:46.773575+00:00,2026-03-08 03:41:46.773575+00:00,Market Area,47,47,0.0,1.0
2026-03-07 22:38:21.802581+00:00,2026-03-08 04:08:21.802581+00:00,Central Junction,48,48,0.0,1.0
2026-03-07 22:38:22.383429+00:00,2026-03-08 04:08:22.383429+00:00,MC Road Segment,48,48,0.0,1.0
2026-03-07 22:38:22.631990+00:00,2026-03-08 04:08:22.631990+00:00,Market Area,47,47,0.0,1.0
2026-03-07 22:54:44.863957+00:00,2026-03-08 04:24:44.863957+00:00,Central Junction,48,48,0.0,1.0
2026-03-07 22:54:45.387829+00:00,2026-03-08 04:24:45.387829+00:00,MC Road Segment,48,48,0.0,1.0
2026-03-07 22:54:45.564652+00:00,2026-03-08 04:24:45.564652+00:00,Market Area,47,47,0.0,1.0
2026-03-07 23:12:14.854325+00:00,2026-03-08 04:42:14.854325+00:00,Central Junction,48,48,0.0,1.0
2026-03-07 23:12:15.257494+00:00,2026-03-08 04:42:15.257494+00:00,MC Road Segment,48,48,0.0,1.0
2026-03-07 23:12:15.406369+00:00,2026-03-08 04:42:15.406369+00:00,Market Area,47,47,0.0,1.0
2026-03-07 23:34:54.388334+00:00,2026-03-08 05:04:54.388334+00:00,Central Junction,48,48,0.0,1.0
2026-03-07 23:34:54.875210+00:00,2026-03-08 05:04:54.875210+00:00,MC Road Segment,48,48,0.0,1.0
2026-03-07 23:34:55.091415+00:00,2026-03-08 05:04:55.091415+00:00,Market Area,47,47,0.0,1.0
2026-03-07 23:53:16.821115+00:00,2026-03-08 05:23:16.821115+00:00,Central Junction,48,48,0.0,1.0
2026-03-07 23:53:17.218829+00:00,2026-03-08 05:23:17.218829+00:00,MC Road Segment,48,48,0.0,1.0
2026-03-07 23:53:17.342052+00:00,2026-03-08 05:23:17.342052+00:00,Market Area,47,47,0.0,1.0
2026-03-08 01:04:24.061068+00:00,2026-03-08 06:34:24.061068+00:00,Central Junction,48,48,0.0,1.0
2026-03-08 01:04:24.590358+00:00,2026-03-08 06:34:24.590358+00:00,MC Road Segment,48,48,0.0,1.0
2026-03-08 01:04:24.870105+00:00,2026-03-08 06:34:24.870105+00:00,Market Area,47,47,0.0,1.0
2026-03-08 03:37:33.684797+00:00,2026-03-08 09:07:33.684797+00:00,Central Junction,48,48,0.0,1.0
2026-03-08 03:37:34.262960+00:00,2026-03-08 09:07:34.262960+00:00,MC Road Segment,48,48,0.0,1.0
2026-03-08 03:37:34.496472+00:00,2026-03-08 09:07:34.496472+00:00,Market Area,47,47,0.0,1.0
2026-03-08 05:01:10.774757+00:00,2026-03-08 10:31:10.774757+00:00,Central Junction,48,48,0.0,1.0
2026-03-08 05:01:11.341193+00:00,2026-03-08 10:31:11.341193+00:00,MC Road Segment,48,48,0.0,1.0
2026-03-08 05:01:11.655645+00:00,2026-03-08 10:31:11.655645+00:00,Market Area,47,47,0.0,1.0
2026-03-08 05:56:10.775775+00:00,2026-03-08 11:26:10.775775+00:00,Central Junction,48,48,0.0,1.0
2026-03-08 05:56:11.222790+00:00,2026-03-08 11:26:11.222790+00:00,MC Road Segment,48,48,0.0,1.0
2026-03-08 05:56:11.401039+00:00,2026-03-08 11:26:11.401039+00:00,Market Area,47,47,0.0,1.0
2026-03-08 06:31:56.223726+00:00,2026-03-08 12:01:56.223726+00:00,Central Junction,48,48,0.0,1.0
2026-03-08 06:31:56.819072+00:00,2026-03-08 12:01:56.819072+00:00,MC Road Segment,48,48,0.0,1.0
2026-03-08 06:31:57.096303+00:00,2026-03-08 12:01:57.096303+00:00,Market Area,47,47,0.0,1.0
2026-03-08 07:19:31.989747+00:00,2026-03-08 12:49:31.989747+00:00,Central Junction,48,48,0.0,1.0
2026-03-08 07:19:32.453933+00:00,2026-03-08 12:49:32.453933+00:00,MC Road Segment,48,48,0.0,1.0
2026-03-08 07:19:32.601149+00:00,2026-03-08 12:49:32.601149+00:00,Market Area,47,47,0.0,1.0
2026-03-08 07:47:37.591834+00:00,2026-03-08 13:17:37.591834+00:00,Central Junction,48,48,0.0,1.0
2026-03-08 07:47:38.162991+00:00,2026-03-08 13:17:38.162991+00:00,MC Road Segment,48,48,0.0,1.0
2026-03-08 07:47:38.449399+00:00,2026-03-08 13:17:38.449399+00:00,Market Area,47,47,0.0,1.0
2026-03-08 08:17:36.089765+00:00,2026-03-08 13:47:36.089765+00:00,Central Junction,48,48,0.0,1.0
2026-03-08 08:17:36.478931+00:00,2026-03-08 13:47:36.478931+00:00,MC Road Segment,48,48,0.0,1.0
2026-03-08 08:17:36.623820+00:00,2026-03-08 13:47:36.623820+00:00,Market Area,47,47,0.0,1.0
2026-03-08 08:52:01.350408+00:00,2026-03-08 14:22:01.350408+00:00,Central Junction,48,48,0.0,1.0
2026-03-08 08:52:01.782354+00:00,2026-03-08 14:22:01.782354+00:00,MC Road Segment,48,48,0.0,1.0
2026-03-08 08:52:01.928996+00:00,2026-03-08 14:22:01.928996+00:00,Market Area,47,47,0.0,1.0
2026-03-08 09:18:08.713922+00:00,2026-03-08 14:48:08.713922+00:00,Central Junction,48,48,0.0,1.0
2026-03-08 09:18:09.263766+00:00,2026-03-08 14:48:09.263766+00:00,MC Road Segment,48,48,0.0,1.0
2026-03-08 09:18:09.437431+00:00,2026-03-08 14:48:09.437431+00:00,Market Area,47,47,0.0,1.0
2026-03-08 09:49:28.395676+00:00,2026-03-08 15:19:28.395676+00:00,Central Junction,48,48,0.0,1.0
2026-03-08 09:49:28.928969+00:00,2026-03-08 15:19:28.928969+00:00,MC Road Segment,48,48,0.0,1.0
2026-03-08 09:49:29.159029+00:00,2026-03-08 15:19:29.159029+00:00,Market Area,47,47,0.0,1.0
2026-03-08 10:14:07.222191+00:00,2026-03-08 15:44:07.222191+00:00,Central Junction,48,48,0.0,1.0
2026-03-08 10:14:07.725557+00:00,2026-03-08 15:44:07.725557+00:00,MC Road Segment,48,48,0.0,1.0
2026-03-08 10:14:07.905480+00:00,2026-03-08 15:44:07.905480+00:00,Market Area,47,47,0.0,1.0
2026-03-08 10:44:07.552416+00:00,2026-03-08 16:14:07.552416+00:00,Central Junction,48,48,0.0,1.0
2026-03-08 10:44:08.104259+00:00,2026-03-08 16:14:08.104259+00:00,MC Road Segment,48,48,0.0,1.0
2026-03-08 10:44:08.285163+00:00,2026-03-08 16:14:08.285163+00:00,Market Area,47,47,0.0,1.0
2026-03-08 10:57:56.725770+00:00,2026-03-08 16:27:56.725770+00:00,Central Junction,48,48,0.0,1.0
2026-03-08 10:57:57.309793+00:00,2026-03-08 16:27:57.309793+00:00,MC Road Segment,48,48,0.0,1.0
2026-03-08 10:57:57.540623+00:00,2026-03-08 16:27:57.540623+00:00,Market Area,47,47,0.0,1.0
2026-03-08 11:18:01.121847+00:00,2026-03-08 16:48:01.121847+00:00,Central Junction,42,49,0.14285714285714285,0.956864
2026-03-08 11:18:01.787241+00:00,2026-03-08 16:48:01.787241+00:00,MC Road Segment,42,49,0.14285714285714285,0.956864
2026-03-08 11:18:02.085141+00:00,2026-03-08 16:48:02.085141+00:00,Market Area,47,47,0.0,1.0
2026-03-08 11:40:33.776785+00:00,2026-03-08 17:10:33.776785+00:00,Central Junction,48,48,0.0,1.0
2026-03-08 11:40:34.346976+00:00,2026-03-08 17:10:34.346976+00:00,MC Road Segment,48,48,0.0,1.0
2026-03-08 11:40:34.588768+00:00,2026-03-08 17:10:34.588768+00:00,Market Area,47,47,0.0,1.0
2026-03-08 11:51:57.086181+00:00,2026-03-08 17:21:57.086181+00:00,Central Junction,48,48,0.0,1.0
2026-03-08 11:51:57.504356+00:00,2026-03-08 17:21:57.504356+00:00,MC Road Segment,48,48,0.0,1.0
2026-03-08 11:51:57.691507+00:00,2026-03-08 17:21:57.691507+00:00,Market Area,47,47,0.0,1.0
2026-03-08 12:22:54.661876+00:00,2026-03-08 17:52:54.661876+00:00,Central Junction,43,48,0.10416666666666667,0.959694
2026-03-08 12:22:55.096698+00:00,2026-03-08 17:52:55.096698+00:00,MC Road Segment,48,48,0.0,1.0
2026-03-08 12:22:55.269434+00:00,2026-03-08 17:52:55.269434+00:00,Market Area,47,47,0.0,1.0
2026-03-08 13:13:10.183246+00:00,2026-03-08 18:43:10.183246+00:00,Central Junction,48,48,0.0,1.0
2026-03-08 13:13:10.649674+00:00,2026-03-08 18:43:10.649674+00:00,MC Road Segment,48,48,0.0,1.0
2026-03-08 13:13:10.838288+00:00,2026-03-08 18:43:10.838288+00:00,Market Area,47,47,0.0,1.0
2026-03-08 13:49:47.944567+00:00,2026-03-08 19:19:47.944567+00:00,Central Junction,41,47,0.1276595744680851,0.968311
2026-03-08 13:49:48.439683+00:00,2026-03-08 19:19:48.439683+00:00,MC Road Segment,41,47,0.1276595744680851,0.968311
2026-03-08 13:49:48.624346+00:00,2026-03-08 19:19:48.624346+00:00,Market Area,47,47,0.0,1.0
2026-03-08 14:15:10.773624+00:00,2026-03-08 19:45:10.773624+00:00,Central Junction,48,48,0.0,1.0
2026-03-08 14:15:11.258682+00:00,2026-03-08 19:45:11.258682+00:00,MC Road Segment,48,48,0.0,1.0
2026-03-08 14:15:11.439808+00:00,2026-03-08 19:45:11.439808+00:00,Market Area,47,47,0.0,1.0
2026-03-08 14:43:18.765809+00:00,2026-03-08 20:13:18.765809+00:00,Central Junction,48,48,0.0,1.0
2026-03-08 14:43:19.348081+00:00,2026-03-08 20:13:19.348081+00:00,MC Road Segment,48,48,0.0,1.0
2026-03-08 14:43:19.636657+00:00,2026-03-08 20:13:19.636657+00:00,Market Area,47,47,0.0,1.0
2026-03-08 14:57:23.466979+00:00,2026-03-08 20:27:23.466979+00:00,Central Junction,48,48,0.0,1.0
2026-03-08 14:57:24.160317+00:00,2026-03-08 20:27:24.160317+00:00,MC Road Segment,48,48,0.0,1.0
2026-03-08 14:57:24.382913+00:00,2026-03-08 20:27:24.382913+00:00,Market Area,47,47,0.0,1.0
2026-03-08 15:18:13.620168+00:00,2026-03-08 20:48:13.620168+00:00,Central Junction,48,48,0.0,1.0
2026-03-08 15:18:14.151587+00:00,2026-03-08 20:48:14.151587+00:00,MC Road Segment,48,48,0.0,1.0
2026-03-08 15:18:14.303321+00:00,2026-03-08 20:48:14.303321+00:00,Market Area,47,47,0.0,1.0
2026-03-08 15:42:53.867886+00:00,2026-03-08 21:12:53.867886+00:00,Central Junction,48,48,0.0,1.0
2026-03-08 15:42:54.406578+00:00,2026-03-08 21:12:54.406578+00:00,MC Road Segment,48,48,0.0,1.0
2026-03-08 15:42:54.591648+00:00,2026-03-08 21:12:54.591648+00:00,Market Area,47,47,0.0,1.0
2026-03-08 15:55:07.615638+00:00,2026-03-08 21:25:07.615638+00:00,Central Junction,48,48,0.0,1.0
2026-03-08 15:55:07.965385+00:00,2026-03-08 21:25:07.965385+00:00,MC Road Segment,48,48,0.0,1.0
2026-03-08 15:55:08.140455+00:00,2026-03-08 21:25:08.140455+00:00,Market Area,47,47,0.0,1.0
2026-03-08 16:14:46.807020+00:00,2026-03-08 21:44:46.807020+00:00,Central Junction,48,48,0.0,1.0
2026-03-08 16:14:47.418235+00:00,2026-03-08 21:44:47.418235+00:00,MC Road Segment,48,48,0.0,1.0
2026-03-08 16:14:47.710415+00:00,2026-03-08 21:44:47.710415+00:00,Market Area,47,47,0.0,1.0
2026-03-08 16:45:52.948084+00:00,2026-03-08 22:15:52.948084+00:00,Central Junction,48,48,0.0,1.0
2026-03-08 16:45:53.423606+00:00,2026-03-08 22:15:53.423606+00:00,MC Road Segment,48,48,0.0,1.0
2026-03-08 16:45:53.604003+00:00,2026-03-08 22:15:53.604003+00:00,Market Area,47,47,0.0,1.0
2026-03-08 17:14:19.157438+00:00,2026-03-08 22:44:19.157438+00:00,Central Junction,48,48,0.0,1.0
2026-03-08 17:14:19.633639+00:00,2026-03-08 22:44:19.633639+00:00,MC Road Segment,48,48,0.0,1.0
2026-03-08 17:14:19.788600+00:00,2026-03-08 22:44:19.788600+00:00,Market Area,47,47,0.0,1.0
2026-03-08 17:38:45.799667+00:00,2026-03-08 23:08:45.799667+00:00,Central Junction,48,48,0.0,1.0
2026-03-08 17:38:46.356801+00:00,2026-03-08 23:08:46.356801+00:00,MC Road Segment,48,48,0.0,1.0
2026-03-08 17:38:46.562517+00:00,2026-03-08 23:08:46.562517+00:00,Market Area,47,47,0.0,1.0
2026-03-08 17:54:57.514185+00:00,2026-03-08 23:24:57.514185+00:00,Central Junction,48,48,0.0,1.0
2026-03-08 17:54:58.092861+00:00,2026-03-08 23:24:58.092861+00:00,MC Road Segment,48,48,0.0,1.0
2026-03-08 17:54:58.270893+00:00,2026-03-08 23:24:58.270893+00:00,Market Area,47,47,0.0,1.0
2026-03-08 18:18:02.111543+00:00,2026-03-08 23:48:02.111543+00:00,Central Junction,48,48,0.0,1.0
2026-03-08 18:18:02.702266+00:00,2026-03-08 23:48:02.702266+00:00,MC Road Segment,48,48,0.0,1.0
2026-03-08 18:18:02.984103+00:00,2026-03-08 23:48:02.984103+00:00,Market Area,47,47,0.0,1.0
2026-03-08 18:54:59.518084+00:00,2026-03-09 00:24:59.518084+00:00,Central Junction,48,48,0.0,1.0
2026-03-08 18:55:00.064263+00:00,2026-03-09 00:25:00.064263+00:00,MC Road Segment,48,48,0.0,1.0
2026-03-08 18:55:00.237664+00:00,2026-03-09 00:25:00.237664+00:00,Market Area,47,47,0.0,1.0
2026-03-08 19:15:42.381272+00:00,2026-03-09 00:45:42.381272+00:00,Central Junction,48,48,0.0,1.0
2026-03-08 19:15:42.892071+00:00,2026-03-09 00:45:42.892071+00:00,MC Road Segment,48,48,0.0,1.0
2026-03-08 19:15:43.131634+00:00,2026-03-09 00:45:43.131634+00:00,Market Area,47,47,0.0,1.0
2026-03-08 19:41:51.853940+00:00,2026-03-09 01:11:51.853940+00:00,Central Junction,48,48,0.0,1.0
2026-03-08 19:41:52.269313+00:00,2026-03-09 01:11:52.269313+00:00,MC Road Segment,48,48,0.0,1.0
2026-03-08 19:41:52.452730+00:00,2026-03-09 01:11:52.452730+00:00,Market Area,47,47,0.0,1.0
2026-03-08 19:52:54.008504+00:00,2026-03-09 01:22:54.008504+00:00,Central Junction,48,48,0.0,1.0
2026-03-08 19:52:54.489767+00:00,2026-03-09 01:22:54.489767+00:00,MC Road Segment,48,48,0.0,1.0
2026-03-08 19:52:54.658761+00:00,2026-03-09 01:22:54.658761+00:00,Market Area,47,47,0.0,1.0
2026-03-08 20:13:20.557758+00:00,2026-03-09 01:43:20.557758+00:00,Central Junction,48,48,0.0,1.0
2026-03-08 20:13:21.186409+00:00,2026-03-09 01:43:21.186409+00:00,MC Road Segment,48,48,0.0,1.0
2026-03-08 20:13:21.480755+00:00,2026-03-09 01:43:21.480755+00:00,Market Area,47,47,0.0,1.0
2026-03-08 20:42:02.810773+00:00,2026-03-09 02:12:02.810773+00:00,Central Junction,48,48,0.0,1.0
2026-03-08 20:42:03.665747+00:00,2026-03-09 02:12:03.665747+00:00,MC Road Segment,48,48,0.0,1.0
2026-03-08 20:42:03.871170+00:00,2026-03-09 02:12:03.871170+00:00,Market Area,47,47,0.0,1.0
2026-03-08 20:56:44.816105+00:00,2026-03-09 02:26:44.816105+00:00,Central Junction,48,48,0.0,1.0
2026-03-08 20:56:45.306680+00:00,2026-03-09 02:26:45.306680+00:00,MC Road Segment,48,48,0.0,1.0
2026-03-08 20:56:45.449521+00:00,2026-03-09 02:26:45.449521+00:00,Market Area,47,47,0.0,1.0
2026-03-08 21:16:33.293429+00:00,2026-03-09 02:46:33.293429+00:00,Central Junction,48,48,0.0,1.0
2026-03-08 21:16:33.817888+00:00,2026-03-09 02:46:33.817888+00:00,MC Road Segment,48,48,0.0,1.0
2026-03-08 21:16:34.065368+00:00,2026-03-09 02:46:34.065368+00:00,Market Area,47,47,0.0,1.0
2026-03-08 21:42:23.062252+00:00,2026-03-09 03:12:23.062252+00:00,Central Junction,48,48,0.0,1.0
2026-03-08 21:42:23.616487+00:00,2026-03-09 03:12:23.616487+00:00,MC Road Segment,48,48,0.0,1.0
2026-03-08 21:42:23.836247+00:00,2026-03-09 03:12:23.836247+00:00,Market Area,47,47,0.0,1.0
2026-03-08 21:53:56.818025+00:00,2026-03-09 03:23:56.818025+00:00,Central Junction,48,48,0.0,1.0
2026-03-08 21:53:57.391196+00:00,2026-03-09 03:23:57.391196+00:00,MC Road Segment,48,48,0.0,1.0
2026-03-08 21:53:57.616127+00:00,2026-03-09 03:23:57.616127+00:00,Market Area,47,47,0.0,1.0
2026-03-08 22:12:09.831287+00:00,2026-03-09 03:42:09.831287+00:00,Central Junction,48,48,0.0,1.0
2026-03-08 22:12:10.271777+00:00,2026-03-09 03:42:10.271777+00:00,MC Road Segment,48,48,0.0,1.0
2026-03-08 22:12:10.427308+00:00,2026-03-09 03:42:10.427308+00:00,Market Area,47,47,0.0,1.0
2026-03-08 22:40:10.541598+00:00,2026-03-09 04:10:10.541598+00:00,Central Junction,48,48,0.0,1.0
2026-03-08 22:40:11.100159+00:00,2026-03-09 04:10:11.100159+00:00,MC Road Segment,48,48,0.0,1.0
2026-03-08 22:40:11.332227+00:00,2026-03-09 04:10:11.332227+00:00,Market Area,47,47,0.0,1.0
2026-03-08 22:56:10.389068+00:00,2026-03-09 04:26:10.389068+00:00,Central Junction,48,48,0.0,1.0
2026-03-08 22:56:10.919029+00:00,2026-03-09 04:26:10.919029+00:00,MC Road Segment,48,48,0.0,1.0
2026-03-08 22:56:11.145321+00:00,2026-03-09 04:26:11.145321+00:00,Market Area,47,47,0.0,1.0
2026-03-08 23:15:13.106302+00:00,2026-03-09 04:45:13.106302+00:00,Central Junction,48,48,0.0,1.0
2026-03-08 23:15:13.657113+00:00,2026-03-09 04:45:13.657113+00:00,MC Road Segment,48,48,0.0,1.0
2026-03-08 23:15:13.902901+00:00,2026-03-09 04:45:13.902901+00:00,Market Area,47,47,0.0,1.0
2026-03-08 23:42:46.032525+00:00,2026-03-09 05:12:46.032525+00:00,Central Junction,48,48,0.0,1.0
2026-03-08 23:42:46.366953+00:00,2026-03-09 05:12:46.366953+00:00,MC Road Segment,48,48,0.0,1.0
2026-03-08 23:42:46.499360+00:00,2026-03-09 05:12:46.499360+00:00,Market Area,47,47,0.0,1.0
2026-03-08 23:56:12.937282+00:00,2026-03-09 05:26:12.937282+00:00,Central Junction,48,48,0.0,1.0
2026-03-08 23:56:13.442773+00:00,2026-03-09 05:26:13.442773+00:00,MC Road Segment,48,48,0.0,1.0
2026-03-08 23:56:13.658155+00:00,2026-03-09 05:26:13.658155+00:00,Market Area,47,47,0.0,1.0
2026-03-09 01:15:21.527500+00:00,2026-03-09 06:45:21.527500+00:00,Central Junction,48,48,0.0,1.0
2026-03-09 01:15:26.484150+00:00,2026-03-09 06:45:26.484150+00:00,MC Road Segment,48,48,0.0,1.0
2026-03-09 01:15:26.634155+00:00,2026-03-09 06:45:26.634155+00:00,Market Area,47,47,0.0,1.0
2026-03-09 03:44:06.108855+00:00,2026-03-09 09:14:06.108855+00:00,Central Junction,48,48,0.0,1.0
2026-03-09 03:44:06.631924+00:00,2026-03-09 09:14:06.631924+00:00,MC Road Segment,48,48,0.0,1.0
2026-03-09 03:44:06.921475+00:00,2026-03-09 09:14:06.921475+00:00,Market Area,47,47,0.0,1.0
